,Website,YouTube,TikTok,Instagram
Website,1.0,0.3845768841836317,2.769624109452394e-07,2.897441293688308e-18
YouTube,0.3845768841836317,1.0,0.0018091281871222484,9.66404331919342e-12
TikTok,2.769624109452394e-07,0.0018091281871222484,1.0,0.0033557921624872036
Instagram,2.897441293688308e-18,9.66404331919342e-12,0.0033557921624872036,1.0
