,Website,YouTube,TikTok,Instagram
Website,1.0,0.010823395671561866,4.417050425416426e-12,3.898758084429756e-27
YouTube,0.010823395671561866,1.0,0.00030496280055907616,2.897752782185592e-14
TikTok,4.417050425416426e-12,0.00030496280055907616,1.0,0.0009429324535835937
Instagram,3.898758084429756e-27,2.897752782185592e-14,0.0009429324535835937,1.0
