,Website,YouTube,TikTok,Instagram
Website,1.0,0.4102005442740214,2.1147968262069957e-07,4.868867046422248e-18
YouTube,0.4102005442740214,1.0,0.0012001992025726933,1.188298404905309e-11
TikTok,2.1147968262069957e-07,0.0012001992025726933,1.0,0.008041488558324025
Instagram,4.868867046422248e-18,1.188298404905309e-11,0.008041488558324025,1.0
