Comparison,U,p_unadjusted,p_bonferroni,rank_biserial_r,significant
Website vs YouTube,1980.5,4.6943315956179165e-07,2.81659895737075e-06,-0.584,***
Website vs TikTok,2348.0,3.665848800232277e-14,2.1995092801393663e-13,-0.878,***
Website vs Instagram,2493.5,9.819074443374606e-18,5.891444666024764e-17,-0.995,***
YouTube vs TikTok,2029.5,7.307835746319999e-08,4.3847014477919993e-07,-0.624,***
YouTube vs Instagram,2468.0,4.2837656580904396e-17,2.570259394854264e-16,-0.974,***
TikTok vs Instagram,2051.0,3.1911414525023916e-08,1.914684871501435e-07,-0.641,***
