Comparison,U,p_unadjusted,p_bonferroni,rank_biserial_r,significant
Website vs YouTube,1645.5,0.006403603684241464,0.038421622105448784,-0.316,*
Website vs TikTok,2088.0,7.566562332425216e-09,4.539937399455129e-08,-0.67,***
Website vs Instagram,2364.0,1.5885687718563203e-14,9.531412631137922e-14,-0.891,***
YouTube vs TikTok,1859.0,2.6760539687318548e-05,0.00016056323812391128,-0.487,***
YouTube vs Instagram,2313.0,2.2995052880390717e-13,1.3797031728234431e-12,-0.85,***
TikTok vs Instagram,1883.0,1.263048095135639e-05,7.578288570813834e-05,-0.506,***
